asin,main_sku,skus,curtain_length_ft,units,title
B0BWTH3DDW,HM152-093-NBLU-9FT-S1,HM152-093-NBLU-9FT-S1,8,7.0,"Long Door Blackout 8 Feet Curtain - Privacy and Noise Reduced Curtains with Eyelets, 95% Light Blocking 108 Inch Long Drapes 1 Pcs- (Navy Bl"
B0CDG74XNQ,HM142-060-LVDR-8FT-S1,HM142-060-LVDR-8FT-S1,5,80.0,"75% Room Darkening Solid Long Door 5 Feet Curtain, Thermal Insulated Blackout Opaque Heavy Faux Silk Panel, Noise Reduce, Single Piece - (Li"
B0DBLYXDLW,RCR-023-BGE-6FT-S1-NEW,RCR-023-BGE-6FT-S1-NEW,9,60.0,"Long Door 9 Feet Curtains Sheer Linen Textured Panels with Decorative Border Pompoms, Single Piece Solid Beige - (Hangs Style - Rod Pocket)"
B0F9FNBFVH,LCR-104-MLT-6FT-S1,LCR-104-MLT-6FT-S1,5,1.0,"Window Curtains 5 Feet 1 Piece - Tab Top(Loop) Cotton Printed Room Darkening Curtain with Tassels, 65% Light Blocking Panels - (Blue Santo,"
B0F9YRMHYJ,RCR_016-6FEET-S2,RCR_016-6FEET-S2,5,26.0,"Cotton Set of 2 Sheer Curtains - 5 Feet Window Drapes Curtain with Rod Pocket, Sun Light Filtering, Protect Room Privacy - White"
B0FRMLZ82R,HM152-093-NBLU-7FT-S4,HM152-093-NBLU-7FT-S4,9,15.0,"Curtains 9 Feet Long Set of 4-100% True Blackout Long Door Curtains Light Blocking, Room Privacy and Thermal Insulation Drapes with Eyelets"
B0FRMVWJNT,HM152-093-NBLU-8FT-S4,"HM152-093-NBLU-8FT-S4, HM152-093-NBLU-8FT-S4%-OOS",7,17.0,"Curtains 7 Feet Long Set of 4-100% True Blackout Door Curtains Light Blocking, Room Privacy and Thermal Insulation Drapes with Eyelets - (84"
B0FRN1XN3T,HM152-093-NBLU-9FT-S4,HM152-093-NBLU-9FT-S4,8,18.0,"Curtains 8 Feet Long Set of 4-100% True Blackout Long Door Curtains Light Blocking, Room Privacy and Thermal Insulation Drapes with Eyelets"
B0FS7NS5F1,HM152-093-NBLU-8FT-S6,HM152-093-NBLU-8FT-S6,7,12.0,"Curtains 7 Feet Long Set of 6-100% True Blackout Door Curtains Light Blocking, Room Privacy and Thermal Insulation Drapes with Eyelets - (84"
B0FS7P9GTK,HM152-093-NBLU-9FT-S6,HM152-093-NBLU-9FT-S6,8,18.0,"Curtains 8 Feet Long Set of 6-100% True Blackout Long Door Curtains Light Blocking, Room Privacy and Thermal Insulation Drapes with Eyelets"
B0FS7PP32Q,HM152-093-NBLU-7FT-S6,HM152-093-NBLU-7FT-S6,9,15.0,"Curtains 9 Feet Long Set of 6-100% True Blackout Long Door Curtains Light Blocking, Room Privacy and Thermal Insulation Drapes with Eyelets"
B0G6ZM2D9P,RCR_172-10FT,"RCR_172-10FT, RCR_172-10FT%-OOS",9,36.0,"Cotton Curtains 9 Feet Long - Transparent Sun Light Filtering Sheer Long Door Curtain, Rod Pocket Top Style Pack of 2 - (Opulent Bloom, 120"
